gen,idx,rep_128,rep_256,rep_512,width_mult,down_op,down_k,pan_repeats,mAP,lat_ms,sd_size_mb,on_disk_mb,macs,params,rank,crowd,weights,yaml,run_dir,feasible
0,0,1,1,1,0.25,GhostConv,3,1,0.5585394850066334,11.729326248168945,10.676837921142578,5.5379438400268555,3667302400.0,2787315.0,,,C:\Users\pretha\Desktop\acyolo\ACYOLO\runs\nas_yolo11_ssdd_nsga2\cand_1762001911899_1948\train\weights\best.pt,C:\Users\pretha\Desktop\acyolo\ACYOLO\runs\nas_yolo11_ssdd_nsga2\cand_1762001911899_1948\model.yaml,C:\Users\pretha\Desktop\acyolo\ACYOLO\runs\nas_yolo11_ssdd_nsga2\cand_1762001911899_1948,True
0,1,2,1,3,0.33,GhostConv,3,1,0.591332517393637,14.105401039123535,19.97677993774414,10.205801963806152,7230233600.0,5220727.0,,,C:\Users\pretha\Desktop\acyolo\ACYOLO\runs\nas_yolo11_ssdd_nsga2\cand_1762002598674_2205\train\weights\best.pt,C:\Users\pretha\Desktop\acyolo\ACYOLO\runs\nas_yolo11_ssdd_nsga2\cand_1762002598674_2205\model.yaml,C:\Users\pretha\Desktop\acyolo\ACYOLO\runs\nas_yolo11_ssdd_nsga2\cand_1762002598674_2205,False
0,2,2,1,3,0.33,GhostConv,3,1,0.591332517393637,14.608440399169922,19.97677993774414,10.205801963806152,7230233600.0,5220727.0,,,C:\Users\pretha\Desktop\acyolo\ACYOLO\runs\nas_yolo11_ssdd_nsga2\cand_1762003279953_2205\train\weights\best.pt,C:\Users\pretha\Desktop\acyolo\ACYOLO\runs\nas_yolo11_ssdd_nsga2\cand_1762003279953_2205\model.yaml,C:\Users\pretha\Desktop\acyolo\ACYOLO\runs\nas_yolo11_ssdd_nsga2\cand_1762003279953_2205,False
0,3,2,1,3,0.33,GhostConv,3,1,0.591332517393637,14.858012199401855,19.97677993774414,10.205801963806152,7230233600.0,5220727.0,,,C:\Users\pretha\Desktop\acyolo\ACYOLO\runs\nas_yolo11_ssdd_nsga2\cand_1762003968333_2205\train\weights\best.pt,C:\Users\pretha\Desktop\acyolo\ACYOLO\runs\nas_yolo11_ssdd_nsga2\cand_1762003968333_2205\model.yaml,C:\Users\pretha\Desktop\acyolo\ACYOLO\runs\nas_yolo11_ssdd_nsga2\cand_1762003968333_2205,False
0,4,2,1,3,0.33,GhostConv,3,1,0.591332517393637,14.175472259521484,19.97677993774414,10.205801963806152,7230233600.0,5220727.0,,,C:\Users\pretha\Desktop\acyolo\ACYOLO\runs\nas_yolo11_ssdd_nsga2\cand_1762004591777_2205\train\weights\best.pt,C:\Users\pretha\Desktop\acyolo\ACYOLO\runs\nas_yolo11_ssdd_nsga2\cand_1762004591777_2205\model.yaml,C:\Users\pretha\Desktop\acyolo\ACYOLO\runs\nas_yolo11_ssdd_nsga2\cand_1762004591777_2205,False
0,5,2,1,3,0.33,GhostConv,3,1,0.591332517393637,13.759875297546387,19.97677993774414,10.205801963806152,7230233600.0,5220727.0,,,C:\Users\pretha\Desktop\acyolo\ACYOLO\runs\nas_yolo11_ssdd_nsga2\cand_1762005285105_2205\train\weights\best.pt,C:\Users\pretha\Desktop\acyolo\ACYOLO\runs\nas_yolo11_ssdd_nsga2\cand_1762005285105_2205\model.yaml,C:\Users\pretha\Desktop\acyolo\ACYOLO\runs\nas_yolo11_ssdd_nsga2\cand_1762005285105_2205,False
0,6,2,1,3,0.33,GhostConv,3,1,0.591332517393637,17.019920349121094,19.97677993774414,10.205801963806152,7230233600.0,5220727.0,,,C:\Users\pretha\Desktop\acyolo\ACYOLO\runs\nas_yolo11_ssdd_nsga2\cand_1762005973118_2205\train\weights\best.pt,C:\Users\pretha\Desktop\acyolo\ACYOLO\runs\nas_yolo11_ssdd_nsga2\cand_1762005973118_2205\model.yaml,C:\Users\pretha\Desktop\acyolo\ACYOLO\runs\nas_yolo11_ssdd_nsga2\cand_1762005973118_2205,False
0,7,2,1,3,0.33,GhostConv,3,1,0.591332517393637,28.723320960998535,19.97677993774414,10.205801963806152,7230233600.0,5220727.0,,,C:\Users\pretha\Desktop\acyolo\ACYOLO\runs\nas_yolo11_ssdd_nsga2\cand_1762006651686_2205\train\weights\best.pt,C:\Users\pretha\Desktop\acyolo\ACYOLO\runs\nas_yolo11_ssdd_nsga2\cand_1762006651686_2205\model.yaml,C:\Users\pretha\Desktop\acyolo\ACYOLO\runs\nas_yolo11_ssdd_nsga2\cand_1762006651686_2205,False
0,8,2,1,3,0.33,GhostConv,3,1,0.591332517393637,12.767114639282227,19.97677993774414,10.205801963806152,7230233600.0,5220727.0,,,C:\Users\pretha\Desktop\acyolo\ACYOLO\runs\nas_yolo11_ssdd_nsga2\cand_1762007324102_2205\train\weights\best.pt,C:\Users\pretha\Desktop\acyolo\ACYOLO\runs\nas_yolo11_ssdd_nsga2\cand_1762007324102_2205\model.yaml,C:\Users\pretha\Desktop\acyolo\ACYOLO\runs\nas_yolo11_ssdd_nsga2\cand_1762007324102_2205,False
0,9,2,1,3,0.33,GhostConv,3,1,0.591332517393637,6.226925849914551,19.97677993774414,10.205801963806152,7230233600.0,5220727.0,,,C:\Users\pretha\Desktop\acyolo\ACYOLO\runs\nas_yolo11_ssdd_nsga2\cand_1762008063150_2205\train\weights\best.pt,C:\Users\pretha\Desktop\acyolo\ACYOLO\runs\nas_yolo11_ssdd_nsga2\cand_1762008063150_2205\model.yaml,C:\Users\pretha\Desktop\acyolo\ACYOLO\runs\nas_yolo11_ssdd_nsga2\cand_1762008063150_2205,False
0,10,2,1,3,0.33,GhostConv,3,1,0.591332517393637,7.116236686706543,19.97677993774414,10.205801963806152,7230233600.0,5220727.0,,,C:\Users\pretha\Desktop\acyolo\ACYOLO\runs\nas_yolo11_ssdd_nsga2\cand_1762008702940_2205\train\weights\best.pt,C:\Users\pretha\Desktop\acyolo\ACYOLO\runs\nas_yolo11_ssdd_nsga2\cand_1762008702940_2205\model.yaml,C:\Users\pretha\Desktop\acyolo\ACYOLO\runs\nas_yolo11_ssdd_nsga2\cand_1762008702940_2205,False
0,11,2,1,3,0.33,GhostConv,3,1,0.591332517393637,8.039464950561523,19.97677993774414,10.205801963806152,7230233600.0,5220727.0,,,C:\Users\pretha\Desktop\acyolo\ACYOLO\runs\nas_yolo11_ssdd_nsga2\cand_1762009062514_2205\train\weights\best.pt,C:\Users\pretha\Desktop\acyolo\ACYOLO\runs\nas_yolo11_ssdd_nsga2\cand_1762009062514_2205\model.yaml,C:\Users\pretha\Desktop\acyolo\ACYOLO\runs\nas_yolo11_ssdd_nsga2\cand_1762009062514_2205,False
1,0,2,1,3,0.33,GhostConv,3,1,0.591332517393637,7.7219390869140625,19.97677993774414,10.205801963806152,7230233600.0,5220727.0,,,C:\Users\pretha\Desktop\acyolo\ACYOLO\runs\nas_yolo11_ssdd_nsga2\cand_1762009428033_2576\train\weights\best.pt,C:\Users\pretha\Desktop\acyolo\ACYOLO\runs\nas_yolo11_ssdd_nsga2\cand_1762009428033_2576\model.yaml,C:\Users\pretha\Desktop\acyolo\ACYOLO\runs\nas_yolo11_ssdd_nsga2\cand_1762009428033_2576,False
1,1,2,1,3,0.33,GhostConv,3,1,0.591332517393637,8.641424179077148,19.97677993774414,10.205801963806152,7230233600.0,5220727.0,,,C:\Users\pretha\Desktop\acyolo\ACYOLO\runs\nas_yolo11_ssdd_nsga2\cand_1762009795813_2576\train\weights\best.pt,C:\Users\pretha\Desktop\acyolo\ACYOLO\runs\nas_yolo11_ssdd_nsga2\cand_1762009795813_2576\model.yaml,C:\Users\pretha\Desktop\acyolo\ACYOLO\runs\nas_yolo11_ssdd_nsga2\cand_1762009795813_2576,False
1,2,2,1,3,0.33,GhostConv,3,1,0.591332517393637,7.523584365844727,19.97677993774414,10.205801963806152,7230233600.0,5220727.0,,,C:\Users\pretha\Desktop\acyolo\ACYOLO\runs\nas_yolo11_ssdd_nsga2\cand_1762010161273_2576\train\weights\best.pt,C:\Users\pretha\Desktop\acyolo\ACYOLO\runs\nas_yolo11_ssdd_nsga2\cand_1762010161273_2576\model.yaml,C:\Users\pretha\Desktop\acyolo\ACYOLO\runs\nas_yolo11_ssdd_nsga2\cand_1762010161273_2576,False
1,3,2,1,3,0.33,GhostConv,3,1,0.591332517393637,7.2388458251953125,19.97677993774414,10.205801963806152,7230233600.0,5220727.0,,,C:\Users\pretha\Desktop\acyolo\ACYOLO\runs\nas_yolo11_ssdd_nsga2\cand_1762010525220_2576\train\weights\best.pt,C:\Users\pretha\Desktop\acyolo\ACYOLO\runs\nas_yolo11_ssdd_nsga2\cand_1762010525220_2576\model.yaml,C:\Users\pretha\Desktop\acyolo\ACYOLO\runs\nas_yolo11_ssdd_nsga2\cand_1762010525220_2576,False
1,4,2,1,3,0.33,GhostConv,3,1,0.591332517393637,7.667484283447266,19.97677993774414,10.205801963806152,7230233600.0,5220727.0,,,C:\Users\pretha\Desktop\acyolo\ACYOLO\runs\nas_yolo11_ssdd_nsga2\cand_1762010887186_2576\train\weights\best.pt,C:\Users\pretha\Desktop\acyolo\ACYOLO\runs\nas_yolo11_ssdd_nsga2\cand_1762010887186_2576\model.yaml,C:\Users\pretha\Desktop\acyolo\ACYOLO\runs\nas_yolo11_ssdd_nsga2\cand_1762010887186_2576,False
1,5,2,1,3,0.33,GhostConv,3,1,0.591332517393637,7.886075973510742,19.97677993774414,10.205801963806152,7230233600.0,5220727.0,,,C:\Users\pretha\Desktop\acyolo\ACYOLO\runs\nas_yolo11_ssdd_nsga2\cand_1762011249572_2576\train\weights\best.pt,C:\Users\pretha\Desktop\acyolo\ACYOLO\runs\nas_yolo11_ssdd_nsga2\cand_1762011249572_2576\model.yaml,C:\Users\pretha\Desktop\acyolo\ACYOLO\runs\nas_yolo11_ssdd_nsga2\cand_1762011249572_2576,False
1,6,2,1,3,0.33,GhostConv,3,1,0.591332517393637,6.963367462158203,19.97677993774414,10.205801963806152,7230233600.0,5220727.0,,,C:\Users\pretha\Desktop\acyolo\ACYOLO\runs\nas_yolo11_ssdd_nsga2\cand_1762011610500_2576\train\weights\best.pt,C:\Users\pretha\Desktop\acyolo\ACYOLO\runs\nas_yolo11_ssdd_nsga2\cand_1762011610500_2576\model.yaml,C:\Users\pretha\Desktop\acyolo\ACYOLO\runs\nas_yolo11_ssdd_nsga2\cand_1762011610500_2576,False
1,7,2,1,3,0.33,GhostConv,3,1,0.591332517393637,7.307906150817871,19.97677993774414,10.205801963806152,7230233600.0,5220727.0,,,C:\Users\pretha\Desktop\acyolo\ACYOLO\runs\nas_yolo11_ssdd_nsga2\cand_1762011973785_2576\train\weights\best.pt,C:\Users\pretha\Desktop\acyolo\ACYOLO\runs\nas_yolo11_ssdd_nsga2\cand_1762011973785_2576\model.yaml,C:\Users\pretha\Desktop\acyolo\ACYOLO\runs\nas_yolo11_ssdd_nsga2\cand_1762011973785_2576,False
1,8,2,1,3,0.33,GhostConv,3,1,0.591332517393637,7.580451965332031,19.97677993774414,10.205801963806152,7230233600.0,5220727.0,,,C:\Users\pretha\Desktop\acyolo\ACYOLO\runs\nas_yolo11_ssdd_nsga2\cand_1762012335243_2576\train\weights\best.pt,C:\Users\pretha\Desktop\acyolo\ACYOLO\runs\nas_yolo11_ssdd_nsga2\cand_1762012335243_2576\model.yaml,C:\Users\pretha\Desktop\acyolo\ACYOLO\runs\nas_yolo11_ssdd_nsga2\cand_1762012335243_2576,False
1,9,2,1,3,0.33,GhostConv,3,1,0.591332517393637,7.314338684082031,19.97677993774414,10.205801963806152,7230233600.0,5220727.0,,,C:\Users\pretha\Desktop\acyolo\ACYOLO\runs\nas_yolo11_ssdd_nsga2\cand_1762012697261_2576\train\weights\best.pt,C:\Users\pretha\Desktop\acyolo\ACYOLO\runs\nas_yolo11_ssdd_nsga2\cand_1762012697261_2576\model.yaml,C:\Users\pretha\Desktop\acyolo\ACYOLO\runs\nas_yolo11_ssdd_nsga2\cand_1762012697261_2576,False
1,10,2,1,3,0.33,GhostConv,3,1,0.591332517393637,7.307896614074707,19.97677993774414,10.205801963806152,7230233600.0,5220727.0,,,C:\Users\pretha\Desktop\acyolo\ACYOLO\runs\nas_yolo11_ssdd_nsga2\cand_1762013058911_2576\train\weights\best.pt,C:\Users\pretha\Desktop\acyolo\ACYOLO\runs\nas_yolo11_ssdd_nsga2\cand_1762013058911_2576\model.yaml,C:\Users\pretha\Desktop\acyolo\ACYOLO\runs\nas_yolo11_ssdd_nsga2\cand_1762013058911_2576,False
1,11,2,1,3,0.33,GhostConv,3,1,0.591332517393637,8.342771530151367,19.97677993774414,10.205801963806152,7230233600.0,5220727.0,,,C:\Users\pretha\Desktop\acyolo\ACYOLO\runs\nas_yolo11_ssdd_nsga2\cand_1762013419350_2576\train\weights\best.pt,C:\Users\pretha\Desktop\acyolo\ACYOLO\runs\nas_yolo11_ssdd_nsga2\cand_1762013419350_2576\model.yaml,C:\Users\pretha\Desktop\acyolo\ACYOLO\runs\nas_yolo11_ssdd_nsga2\cand_1762013419350_2576,False
2,0,2,1,3,0.33,GhostConv,3,1,0.591332517393637,7.050051689147949,19.97677993774414,10.205801963806152,7230233600.0,5220727.0,,,C:\Users\pretha\Desktop\acyolo\ACYOLO\runs\nas_yolo11_ssdd_nsga2\cand_1762013782570_2576\train\weights\best.pt,C:\Users\pretha\Desktop\acyolo\ACYOLO\runs\nas_yolo11_ssdd_nsga2\cand_1762013782570_2576\model.yaml,C:\Users\pretha\Desktop\acyolo\ACYOLO\runs\nas_yolo11_ssdd_nsga2\cand_1762013782570_2576,False
2,1,2,1,3,0.33,GhostConv,3,1,0.591332517393637,6.916751861572266,19.97677993774414,10.205801963806152,7230233600.0,5220727.0,,,C:\Users\pretha\Desktop\acyolo\ACYOLO\runs\nas_yolo11_ssdd_nsga2\cand_1762014143727_2576\train\weights\best.pt,C:\Users\pretha\Desktop\acyolo\ACYOLO\runs\nas_yolo11_ssdd_nsga2\cand_1762014143727_2576\model.yaml,C:\Users\pretha\Desktop\acyolo\ACYOLO\runs\nas_yolo11_ssdd_nsga2\cand_1762014143727_2576,False
2,2,2,1,3,0.33,GhostConv,3,1,0.591332517393637,7.915782928466796,19.97677993774414,10.205801963806152,7230233600.0,5220727.0,,,C:\Users\pretha\Desktop\acyolo\ACYOLO\runs\nas_yolo11_ssdd_nsga2\cand_1762014504909_2576\train\weights\best.pt,C:\Users\pretha\Desktop\acyolo\ACYOLO\runs\nas_yolo11_ssdd_nsga2\cand_1762014504909_2576\model.yaml,C:\Users\pretha\Desktop\acyolo\ACYOLO\runs\nas_yolo11_ssdd_nsga2\cand_1762014504909_2576,False
2,3,2,1,3,0.33,GhostConv,3,1,0.591332517393637,7.522573471069336,19.97677993774414,10.205801963806152,7230233600.0,5220727.0,,,C:\Users\pretha\Desktop\acyolo\ACYOLO\runs\nas_yolo11_ssdd_nsga2\cand_1762014865551_2576\train\weights\best.pt,C:\Users\pretha\Desktop\acyolo\ACYOLO\runs\nas_yolo11_ssdd_nsga2\cand_1762014865551_2576\model.yaml,C:\Users\pretha\Desktop\acyolo\ACYOLO\runs\nas_yolo11_ssdd_nsga2\cand_1762014865551_2576,False
2,4,2,1,3,0.33,GhostConv,3,1,0.591332517393637,6.874022483825684,19.97677993774414,10.205801963806152,7230233600.0,5220727.0,,,C:\Users\pretha\Desktop\acyolo\ACYOLO\runs\nas_yolo11_ssdd_nsga2\cand_1762015225307_2576\train\weights\best.pt,C:\Users\pretha\Desktop\acyolo\ACYOLO\runs\nas_yolo11_ssdd_nsga2\cand_1762015225307_2576\model.yaml,C:\Users\pretha\Desktop\acyolo\ACYOLO\runs\nas_yolo11_ssdd_nsga2\cand_1762015225307_2576,False
2,5,2,1,3,0.33,GhostConv,3,1,0.591332517393637,7.188677787780762,19.97677993774414,10.205801963806152,7230233600.0,5220727.0,,,C:\Users\pretha\Desktop\acyolo\ACYOLO\runs\nas_yolo11_ssdd_nsga2\cand_1762015586641_2576\train\weights\best.pt,C:\Users\pretha\Desktop\acyolo\ACYOLO\runs\nas_yolo11_ssdd_nsga2\cand_1762015586641_2576\model.yaml,C:\Users\pretha\Desktop\acyolo\ACYOLO\runs\nas_yolo11_ssdd_nsga2\cand_1762015586641_2576,False
2,6,2,1,3,0.33,GhostConv,3,1,0.591332517393637,8.401646614074707,19.97677993774414,10.205801963806152,7230233600.0,5220727.0,,,C:\Users\pretha\Desktop\acyolo\ACYOLO\runs\nas_yolo11_ssdd_nsga2\cand_1762015946577_2576\train\weights\best.pt,C:\Users\pretha\Desktop\acyolo\ACYOLO\runs\nas_yolo11_ssdd_nsga2\cand_1762015946577_2576\model.yaml,C:\Users\pretha\Desktop\acyolo\ACYOLO\runs\nas_yolo11_ssdd_nsga2\cand_1762015946577_2576,False
2,7,2,1,3,0.33,GhostConv,3,1,0.591332517393637,7.096586227416992,19.97677993774414,10.205801963806152,7230233600.0,5220727.0,,,C:\Users\pretha\Desktop\acyolo\ACYOLO\runs\nas_yolo11_ssdd_nsga2\cand_1762016307721_2576\train\weights\best.pt,C:\Users\pretha\Desktop\acyolo\ACYOLO\runs\nas_yolo11_ssdd_nsga2\cand_1762016307721_2576\model.yaml,C:\Users\pretha\Desktop\acyolo\ACYOLO\runs\nas_yolo11_ssdd_nsga2\cand_1762016307721_2576,False
2,8,2,1,3,0.33,GhostConv,3,1,0.591332517393637,6.552495956420898,19.97677993774414,10.205801963806152,7230233600.0,5220727.0,,,C:\Users\pretha\Desktop\acyolo\ACYOLO\runs\nas_yolo11_ssdd_nsga2\cand_1762016667412_2576\train\weights\best.pt,C:\Users\pretha\Desktop\acyolo\ACYOLO\runs\nas_yolo11_ssdd_nsga2\cand_1762016667412_2576\model.yaml,C:\Users\pretha\Desktop\acyolo\ACYOLO\runs\nas_yolo11_ssdd_nsga2\cand_1762016667412_2576,False
2,9,2,1,3,0.33,GhostConv,3,1,0.591332517393637,6.641836166381836,19.97677993774414,10.205801963806152,7230233600.0,5220727.0,,,C:\Users\pretha\Desktop\acyolo\ACYOLO\runs\nas_yolo11_ssdd_nsga2\cand_1762017027293_2576\train\weights\best.pt,C:\Users\pretha\Desktop\acyolo\ACYOLO\runs\nas_yolo11_ssdd_nsga2\cand_1762017027293_2576\model.yaml,C:\Users\pretha\Desktop\acyolo\ACYOLO\runs\nas_yolo11_ssdd_nsga2\cand_1762017027293_2576,False
2,10,2,1,3,0.33,GhostConv,3,1,0.591332517393637,7.1758222579956055,19.97677993774414,10.205801963806152,7230233600.0,5220727.0,,,C:\Users\pretha\Desktop\acyolo\ACYOLO\runs\nas_yolo11_ssdd_nsga2\cand_1762017387549_2576\train\weights\best.pt,C:\Users\pretha\Desktop\acyolo\ACYOLO\runs\nas_yolo11_ssdd_nsga2\cand_1762017387549_2576\model.yaml,C:\Users\pretha\Desktop\acyolo\ACYOLO\runs\nas_yolo11_ssdd_nsga2\cand_1762017387549_2576,False
2,11,2,1,3,0.33,GhostConv,3,1,0.591332517393637,7.368979454040527,19.97677993774414,10.205801963806152,7230233600.0,5220727.0,,,C:\Users\pretha\Desktop\acyolo\ACYOLO\runs\nas_yolo11_ssdd_nsga2\cand_1762017746493_2576\train\weights\best.pt,C:\Users\pretha\Desktop\acyolo\ACYOLO\runs\nas_yolo11_ssdd_nsga2\cand_1762017746493_2576\model.yaml,C:\Users\pretha\Desktop\acyolo\ACYOLO\runs\nas_yolo11_ssdd_nsga2\cand_1762017746493_2576,False
3,0,2,1,3,0.33,GhostConv,3,1,0.591332517393637,6.77882194519043,19.97677993774414,10.205801963806152,7230233600.0,5220727.0,,,C:\Users\pretha\Desktop\acyolo\ACYOLO\runs\nas_yolo11_ssdd_nsga2\cand_1762018105707_2576\train\weights\best.pt,C:\Users\pretha\Desktop\acyolo\ACYOLO\runs\nas_yolo11_ssdd_nsga2\cand_1762018105707_2576\model.yaml,C:\Users\pretha\Desktop\acyolo\ACYOLO\runs\nas_yolo11_ssdd_nsga2\cand_1762018105707_2576,False
3,1,2,1,3,0.33,GhostConv,3,1,0.591332517393637,7.434101104736328,19.97677993774414,10.205801963806152,7230233600.0,5220727.0,,,C:\Users\pretha\Desktop\acyolo\ACYOLO\runs\nas_yolo11_ssdd_nsga2\cand_1762018466041_2576\train\weights\best.pt,C:\Users\pretha\Desktop\acyolo\ACYOLO\runs\nas_yolo11_ssdd_nsga2\cand_1762018466041_2576\model.yaml,C:\Users\pretha\Desktop\acyolo\ACYOLO\runs\nas_yolo11_ssdd_nsga2\cand_1762018466041_2576,False
3,2,2,1,3,0.33,GhostConv,3,1,0.591332517393637,7.545561790466309,19.97677993774414,10.205801963806152,7230233600.0,5220727.0,,,C:\Users\pretha\Desktop\acyolo\ACYOLO\runs\nas_yolo11_ssdd_nsga2\cand_1762018824196_2576\train\weights\best.pt,C:\Users\pretha\Desktop\acyolo\ACYOLO\runs\nas_yolo11_ssdd_nsga2\cand_1762018824196_2576\model.yaml,C:\Users\pretha\Desktop\acyolo\ACYOLO\runs\nas_yolo11_ssdd_nsga2\cand_1762018824196_2576,False
3,3,2,1,3,0.33,GhostConv,3,1,0.591332517393637,7.064023017883301,19.97677993774414,10.205801963806152,7230233600.0,5220727.0,,,C:\Users\pretha\Desktop\acyolo\ACYOLO\runs\nas_yolo11_ssdd_nsga2\cand_1762019186133_2576\train\weights\best.pt,C:\Users\pretha\Desktop\acyolo\ACYOLO\runs\nas_yolo11_ssdd_nsga2\cand_1762019186133_2576\model.yaml,C:\Users\pretha\Desktop\acyolo\ACYOLO\runs\nas_yolo11_ssdd_nsga2\cand_1762019186133_2576,False
3,4,2,1,3,0.33,GhostConv,3,1,0.591332517393637,6.452836990356445,19.97677993774414,10.205801963806152,7230233600.0,5220727.0,,,C:\Users\pretha\Desktop\acyolo\ACYOLO\runs\nas_yolo11_ssdd_nsga2\cand_1762019545327_2576\train\weights\best.pt,C:\Users\pretha\Desktop\acyolo\ACYOLO\runs\nas_yolo11_ssdd_nsga2\cand_1762019545327_2576\model.yaml,C:\Users\pretha\Desktop\acyolo\ACYOLO\runs\nas_yolo11_ssdd_nsga2\cand_1762019545327_2576,False
3,5,2,1,3,0.33,GhostConv,3,1,0.591332517393637,6.739249229431152,19.97677993774414,10.205801963806152,7230233600.0,5220727.0,,,C:\Users\pretha\Desktop\acyolo\ACYOLO\runs\nas_yolo11_ssdd_nsga2\cand_1762019903300_2576\train\weights\best.pt,C:\Users\pretha\Desktop\acyolo\ACYOLO\runs\nas_yolo11_ssdd_nsga2\cand_1762019903300_2576\model.yaml,C:\Users\pretha\Desktop\acyolo\ACYOLO\runs\nas_yolo11_ssdd_nsga2\cand_1762019903300_2576,False
3,6,2,1,3,0.33,GhostConv,3,1,0.591332517393637,6.215710639953613,19.97677993774414,10.205801963806152,7230233600.0,5220727.0,,,C:\Users\pretha\Desktop\acyolo\ACYOLO\runs\nas_yolo11_ssdd_nsga2\cand_1762020263322_2576\train\weights\best.pt,C:\Users\pretha\Desktop\acyolo\ACYOLO\runs\nas_yolo11_ssdd_nsga2\cand_1762020263322_2576\model.yaml,C:\Users\pretha\Desktop\acyolo\ACYOLO\runs\nas_yolo11_ssdd_nsga2\cand_1762020263322_2576,False
3,7,2,1,3,0.33,GhostConv,3,1,0.591332517393637,6.816811561584473,19.97677993774414,10.205801963806152,7230233600.0,5220727.0,,,C:\Users\pretha\Desktop\acyolo\ACYOLO\runs\nas_yolo11_ssdd_nsga2\cand_1762020622823_2576\train\weights\best.pt,C:\Users\pretha\Desktop\acyolo\ACYOLO\runs\nas_yolo11_ssdd_nsga2\cand_1762020622823_2576\model.yaml,C:\Users\pretha\Desktop\acyolo\ACYOLO\runs\nas_yolo11_ssdd_nsga2\cand_1762020622823_2576,False
3,8,2,1,3,0.33,GhostConv,3,1,0.591332517393637,6.748900413513184,19.97677993774414,10.205801963806152,7230233600.0,5220727.0,,,C:\Users\pretha\Desktop\acyolo\ACYOLO\runs\nas_yolo11_ssdd_nsga2\cand_1762020985555_2576\train\weights\best.pt,C:\Users\pretha\Desktop\acyolo\ACYOLO\runs\nas_yolo11_ssdd_nsga2\cand_1762020985555_2576\model.yaml,C:\Users\pretha\Desktop\acyolo\ACYOLO\runs\nas_yolo11_ssdd_nsga2\cand_1762020985555_2576,False
3,9,2,1,3,0.33,GhostConv,3,1,0.591332517393637,6.735720634460449,19.97677993774414,10.205801963806152,7230233600.0,5220727.0,,,C:\Users\pretha\Desktop\acyolo\ACYOLO\runs\nas_yolo11_ssdd_nsga2\cand_1762021344359_2576\train\weights\best.pt,C:\Users\pretha\Desktop\acyolo\ACYOLO\runs\nas_yolo11_ssdd_nsga2\cand_1762021344359_2576\model.yaml,C:\Users\pretha\Desktop\acyolo\ACYOLO\runs\nas_yolo11_ssdd_nsga2\cand_1762021344359_2576,False
3,10,2,1,3,0.33,GhostConv,3,1,0.591332517393637,7.454180717468262,19.97677993774414,10.205801963806152,7230233600.0,5220727.0,,,C:\Users\pretha\Desktop\acyolo\ACYOLO\runs\nas_yolo11_ssdd_nsga2\cand_1762021702619_2576\train\weights\best.pt,C:\Users\pretha\Desktop\acyolo\ACYOLO\runs\nas_yolo11_ssdd_nsga2\cand_1762021702619_2576\model.yaml,C:\Users\pretha\Desktop\acyolo\ACYOLO\runs\nas_yolo11_ssdd_nsga2\cand_1762021702619_2576,False
3,11,2,1,3,0.33,GhostConv,3,1,0.591332517393637,7.345094680786133,19.97677993774414,10.205801963806152,7230233600.0,5220727.0,,,C:\Users\pretha\Desktop\acyolo\ACYOLO\runs\nas_yolo11_ssdd_nsga2\cand_1762022061610_2576\train\weights\best.pt,C:\Users\pretha\Desktop\acyolo\ACYOLO\runs\nas_yolo11_ssdd_nsga2\cand_1762022061610_2576\model.yaml,C:\Users\pretha\Desktop\acyolo\ACYOLO\runs\nas_yolo11_ssdd_nsga2\cand_1762022061610_2576,False
4,0,2,1,3,0.33,GhostConv,3,1,0.591332517393637,7.0752716064453125,19.97677993774414,10.205801963806152,7230233600.0,5220727.0,,,C:\Users\pretha\Desktop\acyolo\ACYOLO\runs\nas_yolo11_ssdd_nsga2\cand_1762022419650_2576\train\weights\best.pt,C:\Users\pretha\Desktop\acyolo\ACYOLO\runs\nas_yolo11_ssdd_nsga2\cand_1762022419650_2576\model.yaml,C:\Users\pretha\Desktop\acyolo\ACYOLO\runs\nas_yolo11_ssdd_nsga2\cand_1762022419650_2576,False
4,1,2,1,3,0.33,GhostConv,3,1,0.591332517393637,6.9185590744018555,19.97677993774414,10.205801963806152,7230233600.0,5220727.0,,,C:\Users\pretha\Desktop\acyolo\ACYOLO\runs\nas_yolo11_ssdd_nsga2\cand_1762022777612_2576\train\weights\best.pt,C:\Users\pretha\Desktop\acyolo\ACYOLO\runs\nas_yolo11_ssdd_nsga2\cand_1762022777612_2576\model.yaml,C:\Users\pretha\Desktop\acyolo\ACYOLO\runs\nas_yolo11_ssdd_nsga2\cand_1762022777612_2576,False
4,2,2,1,3,0.33,GhostConv,3,1,0.591332517393637,8.20150375366211,19.97677993774414,10.205801963806152,7230233600.0,5220727.0,,,C:\Users\pretha\Desktop\acyolo\ACYOLO\runs\nas_yolo11_ssdd_nsga2\cand_1762023136133_2576\train\weights\best.pt,C:\Users\pretha\Desktop\acyolo\ACYOLO\runs\nas_yolo11_ssdd_nsga2\cand_1762023136133_2576\model.yaml,C:\Users\pretha\Desktop\acyolo\ACYOLO\runs\nas_yolo11_ssdd_nsga2\cand_1762023136133_2576,False
4,3,2,1,3,0.33,GhostConv,3,1,0.591332517393637,6.772513389587402,19.97677993774414,10.205801963806152,7230233600.0,5220727.0,,,C:\Users\pretha\Desktop\acyolo\ACYOLO\runs\nas_yolo11_ssdd_nsga2\cand_1762023495310_2576\train\weights\best.pt,C:\Users\pretha\Desktop\acyolo\ACYOLO\runs\nas_yolo11_ssdd_nsga2\cand_1762023495310_2576\model.yaml,C:\Users\pretha\Desktop\acyolo\ACYOLO\runs\nas_yolo11_ssdd_nsga2\cand_1762023495310_2576,False
4,4,2,1,3,0.33,GhostConv,3,1,0.591332517393637,7.090578079223633,19.97677993774414,10.205801963806152,7230233600.0,5220727.0,,,C:\Users\pretha\Desktop\acyolo\ACYOLO\runs\nas_yolo11_ssdd_nsga2\cand_1762023854382_2576\train\weights\best.pt,C:\Users\pretha\Desktop\acyolo\ACYOLO\runs\nas_yolo11_ssdd_nsga2\cand_1762023854382_2576\model.yaml,C:\Users\pretha\Desktop\acyolo\ACYOLO\runs\nas_yolo11_ssdd_nsga2\cand_1762023854382_2576,False
4,5,2,1,3,0.33,GhostConv,3,1,0.591332517393637,6.511082649230957,19.97677993774414,10.205801963806152,7230233600.0,5220727.0,,,C:\Users\pretha\Desktop\acyolo\ACYOLO\runs\nas_yolo11_ssdd_nsga2\cand_1762024211062_2576\train\weights\best.pt,C:\Users\pretha\Desktop\acyolo\ACYOLO\runs\nas_yolo11_ssdd_nsga2\cand_1762024211062_2576\model.yaml,C:\Users\pretha\Desktop\acyolo\ACYOLO\runs\nas_yolo11_ssdd_nsga2\cand_1762024211062_2576,False
4,6,2,1,3,0.33,GhostConv,3,1,0.591332517393637,7.268457412719727,19.97677993774414,10.205801963806152,7230233600.0,5220727.0,,,C:\Users\pretha\Desktop\acyolo\ACYOLO\runs\nas_yolo11_ssdd_nsga2\cand_1762024568687_2576\train\weights\best.pt,C:\Users\pretha\Desktop\acyolo\ACYOLO\runs\nas_yolo11_ssdd_nsga2\cand_1762024568687_2576\model.yaml,C:\Users\pretha\Desktop\acyolo\ACYOLO\runs\nas_yolo11_ssdd_nsga2\cand_1762024568687_2576,False
4,7,2,1,3,0.33,GhostConv,3,1,0.591332517393637,6.760721206665039,19.97677993774414,10.205801963806152,7230233600.0,5220727.0,,,C:\Users\pretha\Desktop\acyolo\ACYOLO\runs\nas_yolo11_ssdd_nsga2\cand_1762024926292_2576\train\weights\best.pt,C:\Users\pretha\Desktop\acyolo\ACYOLO\runs\nas_yolo11_ssdd_nsga2\cand_1762024926292_2576\model.yaml,C:\Users\pretha\Desktop\acyolo\ACYOLO\runs\nas_yolo11_ssdd_nsga2\cand_1762024926292_2576,False
4,8,2,1,3,0.33,GhostConv,3,1,0.591332517393637,7.454824447631836,19.97677993774414,10.205801963806152,7230233600.0,5220727.0,,,C:\Users\pretha\Desktop\acyolo\ACYOLO\runs\nas_yolo11_ssdd_nsga2\cand_1762025285329_2576\train\weights\best.pt,C:\Users\pretha\Desktop\acyolo\ACYOLO\runs\nas_yolo11_ssdd_nsga2\cand_1762025285329_2576\model.yaml,C:\Users\pretha\Desktop\acyolo\ACYOLO\runs\nas_yolo11_ssdd_nsga2\cand_1762025285329_2576,False
4,9,2,1,3,0.33,GhostConv,3,1,0.591332517393637,6.744241714477539,19.97677993774414,10.205801963806152,7230233600.0,5220727.0,,,C:\Users\pretha\Desktop\acyolo\ACYOLO\runs\nas_yolo11_ssdd_nsga2\cand_1762025641606_2576\train\weights\best.pt,C:\Users\pretha\Desktop\acyolo\ACYOLO\runs\nas_yolo11_ssdd_nsga2\cand_1762025641606_2576\model.yaml,C:\Users\pretha\Desktop\acyolo\ACYOLO\runs\nas_yolo11_ssdd_nsga2\cand_1762025641606_2576,False
4,10,2,1,3,0.33,GhostConv,3,1,0.591332517393637,6.744356155395508,19.97677993774414,10.205801963806152,7230233600.0,5220727.0,,,C:\Users\pretha\Desktop\acyolo\ACYOLO\runs\nas_yolo11_ssdd_nsga2\cand_1762026000205_2576\train\weights\best.pt,C:\Users\pretha\Desktop\acyolo\ACYOLO\runs\nas_yolo11_ssdd_nsga2\cand_1762026000205_2576\model.yaml,C:\Users\pretha\Desktop\acyolo\ACYOLO\runs\nas_yolo11_ssdd_nsga2\cand_1762026000205_2576,False
4,11,2,1,3,0.33,GhostConv,3,1,0.591332517393637,7.105135917663574,19.97677993774414,10.205801963806152,7230233600.0,5220727.0,,,C:\Users\pretha\Desktop\acyolo\ACYOLO\runs\nas_yolo11_ssdd_nsga2\cand_1762026356623_2576\train\weights\best.pt,C:\Users\pretha\Desktop\acyolo\ACYOLO\runs\nas_yolo11_ssdd_nsga2\cand_1762026356623_2576\model.yaml,C:\Users\pretha\Desktop\acyolo\ACYOLO\runs\nas_yolo11_ssdd_nsga2\cand_1762026356623_2576,False
5,0,2,1,3,0.33,GhostConv,3,1,0.591332517393637,7.083902359008789,19.97677993774414,10.205801963806152,7230233600.0,5220727.0,,,C:\Users\pretha\Desktop\acyolo\ACYOLO\runs\nas_yolo11_ssdd_nsga2\cand_1762026712878_2576\train\weights\best.pt,C:\Users\pretha\Desktop\acyolo\ACYOLO\runs\nas_yolo11_ssdd_nsga2\cand_1762026712878_2576\model.yaml,C:\Users\pretha\Desktop\acyolo\ACYOLO\runs\nas_yolo11_ssdd_nsga2\cand_1762026712878_2576,False
5,1,2,1,3,0.33,GhostConv,3,1,0.591332517393637,7.6339006423950195,19.97677993774414,10.205801963806152,7230233600.0,5220727.0,,,C:\Users\pretha\Desktop\acyolo\ACYOLO\runs\nas_yolo11_ssdd_nsga2\cand_1762027069979_2576\train\weights\best.pt,C:\Users\pretha\Desktop\acyolo\ACYOLO\runs\nas_yolo11_ssdd_nsga2\cand_1762027069979_2576\model.yaml,C:\Users\pretha\Desktop\acyolo\ACYOLO\runs\nas_yolo11_ssdd_nsga2\cand_1762027069979_2576,False
5,2,2,1,3,0.33,GhostConv,3,1,0.591332517393637,7.083578109741211,19.97677993774414,10.205801963806152,7230233600.0,5220727.0,,,C:\Users\pretha\Desktop\acyolo\ACYOLO\runs\nas_yolo11_ssdd_nsga2\cand_1762027424865_2576\train\weights\best.pt,C:\Users\pretha\Desktop\acyolo\ACYOLO\runs\nas_yolo11_ssdd_nsga2\cand_1762027424865_2576\model.yaml,C:\Users\pretha\Desktop\acyolo\ACYOLO\runs\nas_yolo11_ssdd_nsga2\cand_1762027424865_2576,False
5,3,2,1,3,0.33,GhostConv,3,1,0.591332517393637,7.193422317504883,19.97677993774414,10.205801963806152,7230233600.0,5220727.0,,,C:\Users\pretha\Desktop\acyolo\ACYOLO\runs\nas_yolo11_ssdd_nsga2\cand_1762027779558_2576\train\weights\best.pt,C:\Users\pretha\Desktop\acyolo\ACYOLO\runs\nas_yolo11_ssdd_nsga2\cand_1762027779558_2576\model.yaml,C:\Users\pretha\Desktop\acyolo\ACYOLO\runs\nas_yolo11_ssdd_nsga2\cand_1762027779558_2576,False
5,4,2,1,3,0.33,GhostConv,3,1,0.591332517393637,7.172560691833496,19.97677993774414,10.205801963806152,7230233600.0,5220727.0,,,C:\Users\pretha\Desktop\acyolo\ACYOLO\runs\nas_yolo11_ssdd_nsga2\cand_1762028134784_2576\train\weights\best.pt,C:\Users\pretha\Desktop\acyolo\ACYOLO\runs\nas_yolo11_ssdd_nsga2\cand_1762028134784_2576\model.yaml,C:\Users\pretha\Desktop\acyolo\ACYOLO\runs\nas_yolo11_ssdd_nsga2\cand_1762028134784_2576,False
5,5,2,1,3,0.33,GhostConv,3,1,0.591332517393637,7.764101028442383,19.97677993774414,10.205801963806152,7230233600.0,5220727.0,,,C:\Users\pretha\Desktop\acyolo\ACYOLO\runs\nas_yolo11_ssdd_nsga2\cand_1762028493411_2576\train\weights\best.pt,C:\Users\pretha\Desktop\acyolo\ACYOLO\runs\nas_yolo11_ssdd_nsga2\cand_1762028493411_2576\model.yaml,C:\Users\pretha\Desktop\acyolo\ACYOLO\runs\nas_yolo11_ssdd_nsga2\cand_1762028493411_2576,False
5,6,2,1,3,0.33,GhostConv,3,1,0.591332517393637,6.602129936218262,19.97677993774414,10.205801963806152,7230233600.0,5220727.0,,,C:\Users\pretha\Desktop\acyolo\ACYOLO\runs\nas_yolo11_ssdd_nsga2\cand_1762028852460_2576\train\weights\best.pt,C:\Users\pretha\Desktop\acyolo\ACYOLO\runs\nas_yolo11_ssdd_nsga2\cand_1762028852460_2576\model.yaml,C:\Users\pretha\Desktop\acyolo\ACYOLO\runs\nas_yolo11_ssdd_nsga2\cand_1762028852460_2576,False
5,7,2,1,3,0.33,GhostConv,3,1,0.591332517393637,7.6058149337768555,19.97677993774414,10.205801963806152,7230233600.0,5220727.0,,,C:\Users\pretha\Desktop\acyolo\ACYOLO\runs\nas_yolo11_ssdd_nsga2\cand_1762029210187_2576\train\weights\best.pt,C:\Users\pretha\Desktop\acyolo\ACYOLO\runs\nas_yolo11_ssdd_nsga2\cand_1762029210187_2576\model.yaml,C:\Users\pretha\Desktop\acyolo\ACYOLO\runs\nas_yolo11_ssdd_nsga2\cand_1762029210187_2576,False
5,8,2,1,3,0.33,GhostConv,3,1,0.591332517393637,6.984267234802246,19.97677993774414,10.205801963806152,7230233600.0,5220727.0,,,C:\Users\pretha\Desktop\acyolo\ACYOLO\runs\nas_yolo11_ssdd_nsga2\cand_1762029565722_2576\train\weights\best.pt,C:\Users\pretha\Desktop\acyolo\ACYOLO\runs\nas_yolo11_ssdd_nsga2\cand_1762029565722_2576\model.yaml,C:\Users\pretha\Desktop\acyolo\ACYOLO\runs\nas_yolo11_ssdd_nsga2\cand_1762029565722_2576,False
5,9,2,1,3,0.33,GhostConv,3,1,0.591332517393637,6.959748268127441,19.97677993774414,10.205801963806152,7230233600.0,5220727.0,,,C:\Users\pretha\Desktop\acyolo\ACYOLO\runs\nas_yolo11_ssdd_nsga2\cand_1762029923129_2576\train\weights\best.pt,C:\Users\pretha\Desktop\acyolo\ACYOLO\runs\nas_yolo11_ssdd_nsga2\cand_1762029923129_2576\model.yaml,C:\Users\pretha\Desktop\acyolo\ACYOLO\runs\nas_yolo11_ssdd_nsga2\cand_1762029923129_2576,False
5,10,2,1,3,0.33,GhostConv,3,1,0.591332517393637,7.305488586425781,19.97677993774414,10.205801963806152,7230233600.0,5220727.0,,,C:\Users\pretha\Desktop\acyolo\ACYOLO\runs\nas_yolo11_ssdd_nsga2\cand_1762030279939_2576\train\weights\best.pt,C:\Users\pretha\Desktop\acyolo\ACYOLO\runs\nas_yolo11_ssdd_nsga2\cand_1762030279939_2576\model.yaml,C:\Users\pretha\Desktop\acyolo\ACYOLO\runs\nas_yolo11_ssdd_nsga2\cand_1762030279939_2576,False
5,11,2,1,3,0.33,GhostConv,3,1,0.591332517393637,7.107486724853516,19.97677993774414,10.205801963806152,7230233600.0,5220727.0,,,C:\Users\pretha\Desktop\acyolo\ACYOLO\runs\nas_yolo11_ssdd_nsga2\cand_1762030637609_2576\train\weights\best.pt,C:\Users\pretha\Desktop\acyolo\ACYOLO\runs\nas_yolo11_ssdd_nsga2\cand_1762030637609_2576\model.yaml,C:\Users\pretha\Desktop\acyolo\ACYOLO\runs\nas_yolo11_ssdd_nsga2\cand_1762030637609_2576,False
6,0,2,1,3,0.33,GhostConv,3,1,0.591332517393637,7.562699317932129,19.97677993774414,10.205801963806152,7230233600.0,5220727.0,,,C:\Users\pretha\Desktop\acyolo\ACYOLO\runs\nas_yolo11_ssdd_nsga2\cand_1762030996200_2576\train\weights\best.pt,C:\Users\pretha\Desktop\acyolo\ACYOLO\runs\nas_yolo11_ssdd_nsga2\cand_1762030996200_2576\model.yaml,C:\Users\pretha\Desktop\acyolo\ACYOLO\runs\nas_yolo11_ssdd_nsga2\cand_1762030996200_2576,False
6,1,2,1,3,0.33,GhostConv,3,1,0.591332517393637,6.760272979736328,19.97677993774414,10.205801963806152,7230233600.0,5220727.0,,,C:\Users\pretha\Desktop\acyolo\ACYOLO\runs\nas_yolo11_ssdd_nsga2\cand_1762031354391_2576\train\weights\best.pt,C:\Users\pretha\Desktop\acyolo\ACYOLO\runs\nas_yolo11_ssdd_nsga2\cand_1762031354391_2576\model.yaml,C:\Users\pretha\Desktop\acyolo\ACYOLO\runs\nas_yolo11_ssdd_nsga2\cand_1762031354391_2576,False
6,2,2,1,3,0.33,GhostConv,3,1,0.591332517393637,6.952314376831055,19.97677993774414,10.205801963806152,7230233600.0,5220727.0,,,C:\Users\pretha\Desktop\acyolo\ACYOLO\runs\nas_yolo11_ssdd_nsga2\cand_1762031711358_2576\train\weights\best.pt,C:\Users\pretha\Desktop\acyolo\ACYOLO\runs\nas_yolo11_ssdd_nsga2\cand_1762031711358_2576\model.yaml,C:\Users\pretha\Desktop\acyolo\ACYOLO\runs\nas_yolo11_ssdd_nsga2\cand_1762031711358_2576,False
6,3,2,1,3,0.33,GhostConv,3,1,0.591332517393637,7.65625,19.97677993774414,10.205801963806152,7230233600.0,5220727.0,,,C:\Users\pretha\Desktop\acyolo\ACYOLO\runs\nas_yolo11_ssdd_nsga2\cand_1762032069310_2576\train\weights\best.pt,C:\Users\pretha\Desktop\acyolo\ACYOLO\runs\nas_yolo11_ssdd_nsga2\cand_1762032069310_2576\model.yaml,C:\Users\pretha\Desktop\acyolo\ACYOLO\runs\nas_yolo11_ssdd_nsga2\cand_1762032069310_2576,False
6,4,2,1,3,0.33,GhostConv,3,1,0.591332517393637,7.183399200439453,19.97677993774414,10.205801963806152,7230233600.0,5220727.0,,,C:\Users\pretha\Desktop\acyolo\ACYOLO\runs\nas_yolo11_ssdd_nsga2\cand_1762032426215_2576\train\weights\best.pt,C:\Users\pretha\Desktop\acyolo\ACYOLO\runs\nas_yolo11_ssdd_nsga2\cand_1762032426215_2576\model.yaml,C:\Users\pretha\Desktop\acyolo\ACYOLO\runs\nas_yolo11_ssdd_nsga2\cand_1762032426215_2576,False
6,5,2,1,3,0.33,GhostConv,3,1,0.591332517393637,6.818675994873047,19.97677993774414,10.205801963806152,7230233600.0,5220727.0,,,C:\Users\pretha\Desktop\acyolo\ACYOLO\runs\nas_yolo11_ssdd_nsga2\cand_1762032784281_2576\train\weights\best.pt,C:\Users\pretha\Desktop\acyolo\ACYOLO\runs\nas_yolo11_ssdd_nsga2\cand_1762032784281_2576\model.yaml,C:\Users\pretha\Desktop\acyolo\ACYOLO\runs\nas_yolo11_ssdd_nsga2\cand_1762032784281_2576,False
6,6,2,1,3,0.33,GhostConv,3,1,0.591332517393637,6.795463562011719,19.97677993774414,10.205801963806152,7230233600.0,5220727.0,,,C:\Users\pretha\Desktop\acyolo\ACYOLO\runs\nas_yolo11_ssdd_nsga2\cand_1762033140523_2576\train\weights\best.pt,C:\Users\pretha\Desktop\acyolo\ACYOLO\runs\nas_yolo11_ssdd_nsga2\cand_1762033140523_2576\model.yaml,C:\Users\pretha\Desktop\acyolo\ACYOLO\runs\nas_yolo11_ssdd_nsga2\cand_1762033140523_2576,False
6,7,2,1,3,0.33,GhostConv,3,1,0.591332517393637,7.385988235473633,19.97677993774414,10.205801963806152,7230233600.0,5220727.0,,,C:\Users\pretha\Desktop\acyolo\ACYOLO\runs\nas_yolo11_ssdd_nsga2\cand_1762033499957_2576\train\weights\best.pt,C:\Users\pretha\Desktop\acyolo\ACYOLO\runs\nas_yolo11_ssdd_nsga2\cand_1762033499957_2576\model.yaml,C:\Users\pretha\Desktop\acyolo\ACYOLO\runs\nas_yolo11_ssdd_nsga2\cand_1762033499957_2576,False
6,8,2,1,3,0.33,GhostConv,3,1,0.591332517393637,8.56635570526123,19.97677993774414,10.205801963806152,7230233600.0,5220727.0,,,C:\Users\pretha\Desktop\acyolo\ACYOLO\runs\nas_yolo11_ssdd_nsga2\cand_1762033857555_2576\train\weights\best.pt,C:\Users\pretha\Desktop\acyolo\ACYOLO\runs\nas_yolo11_ssdd_nsga2\cand_1762033857555_2576\model.yaml,C:\Users\pretha\Desktop\acyolo\ACYOLO\runs\nas_yolo11_ssdd_nsga2\cand_1762033857555_2576,False
6,9,2,1,3,0.33,GhostConv,3,1,0.591332517393637,7.400403022766113,19.97677993774414,10.205801963806152,7230233600.0,5220727.0,,,C:\Users\pretha\Desktop\acyolo\ACYOLO\runs\nas_yolo11_ssdd_nsga2\cand_1762034216359_2576\train\weights\best.pt,C:\Users\pretha\Desktop\acyolo\ACYOLO\runs\nas_yolo11_ssdd_nsga2\cand_1762034216359_2576\model.yaml,C:\Users\pretha\Desktop\acyolo\ACYOLO\runs\nas_yolo11_ssdd_nsga2\cand_1762034216359_2576,False
6,10,2,1,3,0.33,GhostConv,3,1,0.591332517393637,7.528057098388672,19.97677993774414,10.205801963806152,7230233600.0,5220727.0,,,C:\Users\pretha\Desktop\acyolo\ACYOLO\runs\nas_yolo11_ssdd_nsga2\cand_1762034573903_2576\train\weights\best.pt,C:\Users\pretha\Desktop\acyolo\ACYOLO\runs\nas_yolo11_ssdd_nsga2\cand_1762034573903_2576\model.yaml,C:\Users\pretha\Desktop\acyolo\ACYOLO\runs\nas_yolo11_ssdd_nsga2\cand_1762034573903_2576,False
6,11,2,1,3,0.33,GhostConv,3,1,0.591332517393637,7.531065940856934,19.97677993774414,10.205801963806152,7230233600.0,5220727.0,,,C:\Users\pretha\Desktop\acyolo\ACYOLO\runs\nas_yolo11_ssdd_nsga2\cand_1762034930881_2576\train\weights\best.pt,C:\Users\pretha\Desktop\acyolo\ACYOLO\runs\nas_yolo11_ssdd_nsga2\cand_1762034930881_2576\model.yaml,C:\Users\pretha\Desktop\acyolo\ACYOLO\runs\nas_yolo11_ssdd_nsga2\cand_1762034930881_2576,False
7,0,2,1,3,0.33,GhostConv,3,1,0.591332517393637,6.688737869262695,19.97677993774414,10.205801963806152,7230233600.0,5220727.0,,,C:\Users\pretha\Desktop\acyolo\ACYOLO\runs\nas_yolo11_ssdd_nsga2\cand_1762035288544_2576\train\weights\best.pt,C:\Users\pretha\Desktop\acyolo\ACYOLO\runs\nas_yolo11_ssdd_nsga2\cand_1762035288544_2576\model.yaml,C:\Users\pretha\Desktop\acyolo\ACYOLO\runs\nas_yolo11_ssdd_nsga2\cand_1762035288544_2576,False
7,1,2,1,3,0.33,GhostConv,3,1,0.591332517393637,6.899471282958984,19.97677993774414,10.205801963806152,7230233600.0,5220727.0,,,C:\Users\pretha\Desktop\acyolo\ACYOLO\runs\nas_yolo11_ssdd_nsga2\cand_1762035646121_2576\train\weights\best.pt,C:\Users\pretha\Desktop\acyolo\ACYOLO\runs\nas_yolo11_ssdd_nsga2\cand_1762035646121_2576\model.yaml,C:\Users\pretha\Desktop\acyolo\ACYOLO\runs\nas_yolo11_ssdd_nsga2\cand_1762035646121_2576,False
7,2,2,1,3,0.33,GhostConv,3,1,0.591332517393637,7.204494476318359,19.97677993774414,10.205801963806152,7230233600.0,5220727.0,,,C:\Users\pretha\Desktop\acyolo\ACYOLO\runs\nas_yolo11_ssdd_nsga2\cand_1762036003199_2576\train\weights\best.pt,C:\Users\pretha\Desktop\acyolo\ACYOLO\runs\nas_yolo11_ssdd_nsga2\cand_1762036003199_2576\model.yaml,C:\Users\pretha\Desktop\acyolo\ACYOLO\runs\nas_yolo11_ssdd_nsga2\cand_1762036003199_2576,False
7,3,2,1,3,0.33,GhostConv,3,1,0.591332517393637,7.867159843444825,19.97677993774414,10.205801963806152,7230233600.0,5220727.0,,,C:\Users\pretha\Desktop\acyolo\ACYOLO\runs\nas_yolo11_ssdd_nsga2\cand_1762036360654_2576\train\weights\best.pt,C:\Users\pretha\Desktop\acyolo\ACYOLO\runs\nas_yolo11_ssdd_nsga2\cand_1762036360654_2576\model.yaml,C:\Users\pretha\Desktop\acyolo\ACYOLO\runs\nas_yolo11_ssdd_nsga2\cand_1762036360654_2576,False
7,4,2,1,3,0.33,GhostConv,3,1,0.591332517393637,7.392568588256836,19.97677993774414,10.205801963806152,7230233600.0,5220727.0,,,C:\Users\pretha\Desktop\acyolo\ACYOLO\runs\nas_yolo11_ssdd_nsga2\cand_1762036719309_2576\train\weights\best.pt,C:\Users\pretha\Desktop\acyolo\ACYOLO\runs\nas_yolo11_ssdd_nsga2\cand_1762036719309_2576\model.yaml,C:\Users\pretha\Desktop\acyolo\ACYOLO\runs\nas_yolo11_ssdd_nsga2\cand_1762036719309_2576,False
7,5,2,1,3,0.33,GhostConv,3,1,0.591332517393637,6.726493835449219,19.97677993774414,10.205801963806152,7230233600.0,5220727.0,,,C:\Users\pretha\Desktop\acyolo\ACYOLO\runs\nas_yolo11_ssdd_nsga2\cand_1762037081171_2576\train\weights\best.pt,C:\Users\pretha\Desktop\acyolo\ACYOLO\runs\nas_yolo11_ssdd_nsga2\cand_1762037081171_2576\model.yaml,C:\Users\pretha\Desktop\acyolo\ACYOLO\runs\nas_yolo11_ssdd_nsga2\cand_1762037081171_2576,False
7,6,2,1,3,0.33,GhostConv,3,1,0.591332517393637,8.009424209594727,19.97677993774414,10.205801963806152,7230233600.0,5220727.0,,,C:\Users\pretha\Desktop\acyolo\ACYOLO\runs\nas_yolo11_ssdd_nsga2\cand_1762037442202_2576\train\weights\best.pt,C:\Users\pretha\Desktop\acyolo\ACYOLO\runs\nas_yolo11_ssdd_nsga2\cand_1762037442202_2576\model.yaml,C:\Users\pretha\Desktop\acyolo\ACYOLO\runs\nas_yolo11_ssdd_nsga2\cand_1762037442202_2576,False
7,7,2,1,3,0.33,GhostConv,3,1,0.591332517393637,6.890730857849121,19.97677993774414,10.205801963806152,7230233600.0,5220727.0,,,C:\Users\pretha\Desktop\acyolo\ACYOLO\runs\nas_yolo11_ssdd_nsga2\cand_1762037803376_2576\train\weights\best.pt,C:\Users\pretha\Desktop\acyolo\ACYOLO\runs\nas_yolo11_ssdd_nsga2\cand_1762037803376_2576\model.yaml,C:\Users\pretha\Desktop\acyolo\ACYOLO\runs\nas_yolo11_ssdd_nsga2\cand_1762037803376_2576,False
7,8,2,1,3,0.33,GhostConv,3,1,0.591332517393637,7.867321968078614,19.97677993774414,10.205801963806152,7230233600.0,5220727.0,,,C:\Users\pretha\Desktop\acyolo\ACYOLO\runs\nas_yolo11_ssdd_nsga2\cand_1762038164321_2576\train\weights\best.pt,C:\Users\pretha\Desktop\acyolo\ACYOLO\runs\nas_yolo11_ssdd_nsga2\cand_1762038164321_2576\model.yaml,C:\Users\pretha\Desktop\acyolo\ACYOLO\runs\nas_yolo11_ssdd_nsga2\cand_1762038164321_2576,False
7,9,2,1,3,0.33,GhostConv,3,1,0.591332517393637,7.265810966491699,19.97677993774414,10.205801963806152,7230233600.0,5220727.0,,,C:\Users\pretha\Desktop\acyolo\ACYOLO\runs\nas_yolo11_ssdd_nsga2\cand_1762038525136_2576\train\weights\best.pt,C:\Users\pretha\Desktop\acyolo\ACYOLO\runs\nas_yolo11_ssdd_nsga2\cand_1762038525136_2576\model.yaml,C:\Users\pretha\Desktop\acyolo\ACYOLO\runs\nas_yolo11_ssdd_nsga2\cand_1762038525136_2576,False
7,10,2,1,3,0.33,GhostConv,3,1,0.591332517393637,7.066183090209961,19.97677993774414,10.205801963806152,7230233600.0,5220727.0,,,C:\Users\pretha\Desktop\acyolo\ACYOLO\runs\nas_yolo11_ssdd_nsga2\cand_1762038887426_2576\train\weights\best.pt,C:\Users\pretha\Desktop\acyolo\ACYOLO\runs\nas_yolo11_ssdd_nsga2\cand_1762038887426_2576\model.yaml,C:\Users\pretha\Desktop\acyolo\ACYOLO\runs\nas_yolo11_ssdd_nsga2\cand_1762038887426_2576,False
7,11,2,1,3,0.33,GhostConv,3,1,0.591332517393637,7.3238325119018555,19.97677993774414,10.205801963806152,7230233600.0,5220727.0,,,C:\Users\pretha\Desktop\acyolo\ACYOLO\runs\nas_yolo11_ssdd_nsga2\cand_1762039249559_2576\train\weights\best.pt,C:\Users\pretha\Desktop\acyolo\ACYOLO\runs\nas_yolo11_ssdd_nsga2\cand_1762039249559_2576\model.yaml,C:\Users\pretha\Desktop\acyolo\ACYOLO\runs\nas_yolo11_ssdd_nsga2\cand_1762039249559_2576,False
8,0,2,1,3,0.33,GhostConv,3,1,0.591332517393637,6.464405059814453,19.97677993774414,10.205801963806152,7230233600.0,5220727.0,,,C:\Users\pretha\Desktop\acyolo\ACYOLO\runs\nas_yolo11_ssdd_nsga2\cand_1762039611617_2576\train\weights\best.pt,C:\Users\pretha\Desktop\acyolo\ACYOLO\runs\nas_yolo11_ssdd_nsga2\cand_1762039611617_2576\model.yaml,C:\Users\pretha\Desktop\acyolo\ACYOLO\runs\nas_yolo11_ssdd_nsga2\cand_1762039611617_2576,False
8,1,2,1,3,0.33,GhostConv,3,1,0.591332517393637,7.70176887512207,19.97677993774414,10.205801963806152,7230233600.0,5220727.0,,,C:\Users\pretha\Desktop\acyolo\ACYOLO\runs\nas_yolo11_ssdd_nsga2\cand_1762039975239_2576\train\weights\best.pt,C:\Users\pretha\Desktop\acyolo\ACYOLO\runs\nas_yolo11_ssdd_nsga2\cand_1762039975239_2576\model.yaml,C:\Users\pretha\Desktop\acyolo\ACYOLO\runs\nas_yolo11_ssdd_nsga2\cand_1762039975239_2576,False
8,2,2,1,3,0.33,GhostConv,3,1,0.591332517393637,7.365808486938477,19.97677993774414,10.205801963806152,7230233600.0,5220727.0,,,C:\Users\pretha\Desktop\acyolo\ACYOLO\runs\nas_yolo11_ssdd_nsga2\cand_1762040337908_2576\train\weights\best.pt,C:\Users\pretha\Desktop\acyolo\ACYOLO\runs\nas_yolo11_ssdd_nsga2\cand_1762040337908_2576\model.yaml,C:\Users\pretha\Desktop\acyolo\ACYOLO\runs\nas_yolo11_ssdd_nsga2\cand_1762040337908_2576,False
8,3,2,1,3,0.33,GhostConv,3,1,0.591332517393637,6.716890335083008,19.97677993774414,10.205801963806152,7230233600.0,5220727.0,,,C:\Users\pretha\Desktop\acyolo\ACYOLO\runs\nas_yolo11_ssdd_nsga2\cand_1762040700998_2576\train\weights\best.pt,C:\Users\pretha\Desktop\acyolo\ACYOLO\runs\nas_yolo11_ssdd_nsga2\cand_1762040700998_2576\model.yaml,C:\Users\pretha\Desktop\acyolo\ACYOLO\runs\nas_yolo11_ssdd_nsga2\cand_1762040700998_2576,False
8,4,2,1,3,0.33,GhostConv,3,1,0.591332517393637,7.444157600402832,19.97677993774414,10.205801963806152,7230233600.0,5220727.0,,,C:\Users\pretha\Desktop\acyolo\ACYOLO\runs\nas_yolo11_ssdd_nsga2\cand_1762041062457_2576\train\weights\best.pt,C:\Users\pretha\Desktop\acyolo\ACYOLO\runs\nas_yolo11_ssdd_nsga2\cand_1762041062457_2576\model.yaml,C:\Users\pretha\Desktop\acyolo\ACYOLO\runs\nas_yolo11_ssdd_nsga2\cand_1762041062457_2576,False
8,5,2,1,3,0.33,GhostConv,3,1,0.591332517393637,6.663799285888672,19.97677993774414,10.205801963806152,7230233600.0,5220727.0,,,C:\Users\pretha\Desktop\acyolo\ACYOLO\runs\nas_yolo11_ssdd_nsga2\cand_1762041424250_2576\train\weights\best.pt,C:\Users\pretha\Desktop\acyolo\ACYOLO\runs\nas_yolo11_ssdd_nsga2\cand_1762041424250_2576\model.yaml,C:\Users\pretha\Desktop\acyolo\ACYOLO\runs\nas_yolo11_ssdd_nsga2\cand_1762041424250_2576,False
8,6,2,1,3,0.33,GhostConv,3,1,0.591332517393637,7.794160842895508,19.97677993774414,10.205801963806152,7230233600.0,5220727.0,,,C:\Users\pretha\Desktop\acyolo\ACYOLO\runs\nas_yolo11_ssdd_nsga2\cand_1762041784320_2576\train\weights\best.pt,C:\Users\pretha\Desktop\acyolo\ACYOLO\runs\nas_yolo11_ssdd_nsga2\cand_1762041784320_2576\model.yaml,C:\Users\pretha\Desktop\acyolo\ACYOLO\runs\nas_yolo11_ssdd_nsga2\cand_1762041784320_2576,False
8,7,2,1,3,0.33,GhostConv,3,1,0.591332517393637,6.835575103759766,19.97677993774414,10.205801963806152,7230233600.0,5220727.0,,,C:\Users\pretha\Desktop\acyolo\ACYOLO\runs\nas_yolo11_ssdd_nsga2\cand_1762042144791_2576\train\weights\best.pt,C:\Users\pretha\Desktop\acyolo\ACYOLO\runs\nas_yolo11_ssdd_nsga2\cand_1762042144791_2576\model.yaml,C:\Users\pretha\Desktop\acyolo\ACYOLO\runs\nas_yolo11_ssdd_nsga2\cand_1762042144791_2576,False
8,8,2,1,3,0.33,GhostConv,3,1,0.591332517393637,12.67190933227539,19.97677993774414,10.205801963806152,7230233600.0,5220727.0,,,C:\Users\pretha\Desktop\acyolo\ACYOLO\runs\nas_yolo11_ssdd_nsga2\cand_1762042506685_2576\train\weights\best.pt,C:\Users\pretha\Desktop\acyolo\ACYOLO\runs\nas_yolo11_ssdd_nsga2\cand_1762042506685_2576\model.yaml,C:\Users\pretha\Desktop\acyolo\ACYOLO\runs\nas_yolo11_ssdd_nsga2\cand_1762042506685_2576,False
8,9,2,1,3,0.33,GhostConv,3,1,0.591332517393637,15.354456901550293,19.97677993774414,10.205801963806152,7230233600.0,5220727.0,,,C:\Users\pretha\Desktop\acyolo\ACYOLO\runs\nas_yolo11_ssdd_nsga2\cand_1762043088978_2576\train\weights\best.pt,C:\Users\pretha\Desktop\acyolo\ACYOLO\runs\nas_yolo11_ssdd_nsga2\cand_1762043088978_2576\model.yaml,C:\Users\pretha\Desktop\acyolo\ACYOLO\runs\nas_yolo11_ssdd_nsga2\cand_1762043088978_2576,False
8,10,2,1,3,0.33,GhostConv,3,1,0.591332517393637,16.054997444152832,19.97677993774414,10.205801963806152,7230233600.0,5220727.0,,,C:\Users\pretha\Desktop\acyolo\ACYOLO\runs\nas_yolo11_ssdd_nsga2\cand_1762043877947_2576\train\weights\best.pt,C:\Users\pretha\Desktop\acyolo\ACYOLO\runs\nas_yolo11_ssdd_nsga2\cand_1762043877947_2576\model.yaml,C:\Users\pretha\Desktop\acyolo\ACYOLO\runs\nas_yolo11_ssdd_nsga2\cand_1762043877947_2576,False
8,11,2,1,3,0.33,GhostConv,3,1,0.591332517393637,12.919225692749023,19.97677993774414,10.205801963806152,7230233600.0,5220727.0,,,C:\Users\pretha\Desktop\acyolo\ACYOLO\runs\nas_yolo11_ssdd_nsga2\cand_1762044603319_2576\train\weights\best.pt,C:\Users\pretha\Desktop\acyolo\ACYOLO\runs\nas_yolo11_ssdd_nsga2\cand_1762044603319_2576\model.yaml,C:\Users\pretha\Desktop\acyolo\ACYOLO\runs\nas_yolo11_ssdd_nsga2\cand_1762044603319_2576,False
9,0,2,1,3,0.33,GhostConv,3,1,0.591332517393637,12.874913215637207,19.97677993774414,10.205801963806152,7230233600.0,5220727.0,,,C:\Users\pretha\Desktop\acyolo\ACYOLO\runs\nas_yolo11_ssdd_nsga2\cand_1762045329258_2576\train\weights\best.pt,C:\Users\pretha\Desktop\acyolo\ACYOLO\runs\nas_yolo11_ssdd_nsga2\cand_1762045329258_2576\model.yaml,C:\Users\pretha\Desktop\acyolo\ACYOLO\runs\nas_yolo11_ssdd_nsga2\cand_1762045329258_2576,False
9,1,2,1,3,0.33,GhostConv,3,1,0.591332517393637,15.701532363891602,19.97677993774414,10.205801963806152,7230233600.0,5220727.0,,,C:\Users\pretha\Desktop\acyolo\ACYOLO\runs\nas_yolo11_ssdd_nsga2\cand_1762046037668_2576\train\weights\best.pt,C:\Users\pretha\Desktop\acyolo\ACYOLO\runs\nas_yolo11_ssdd_nsga2\cand_1762046037668_2576\model.yaml,C:\Users\pretha\Desktop\acyolo\ACYOLO\runs\nas_yolo11_ssdd_nsga2\cand_1762046037668_2576,False
9,2,2,1,3,0.33,GhostConv,3,1,0.591332517393637,12.242798805236816,19.97677993774414,10.205801963806152,7230233600.0,5220727.0,,,C:\Users\pretha\Desktop\acyolo\ACYOLO\runs\nas_yolo11_ssdd_nsga2\cand_1762046744433_2576\train\weights\best.pt,C:\Users\pretha\Desktop\acyolo\ACYOLO\runs\nas_yolo11_ssdd_nsga2\cand_1762046744433_2576\model.yaml,C:\Users\pretha\Desktop\acyolo\ACYOLO\runs\nas_yolo11_ssdd_nsga2\cand_1762046744433_2576,False
9,3,2,1,3,0.33,GhostConv,3,1,0.591332517393637,15.485572814941406,19.97677993774414,10.205801963806152,7230233600.0,5220727.0,,,C:\Users\pretha\Desktop\acyolo\ACYOLO\runs\nas_yolo11_ssdd_nsga2\cand_1762047495439_2576\train\weights\best.pt,C:\Users\pretha\Desktop\acyolo\ACYOLO\runs\nas_yolo11_ssdd_nsga2\cand_1762047495439_2576\model.yaml,C:\Users\pretha\Desktop\acyolo\ACYOLO\runs\nas_yolo11_ssdd_nsga2\cand_1762047495439_2576,False
9,4,2,1,3,0.33,GhostConv,3,1,0.591332517393637,13.596153259277344,19.97677993774414,10.205801963806152,7230233600.0,5220727.0,,,C:\Users\pretha\Desktop\acyolo\ACYOLO\runs\nas_yolo11_ssdd_nsga2\cand_1762048194670_2576\train\weights\best.pt,C:\Users\pretha\Desktop\acyolo\ACYOLO\runs\nas_yolo11_ssdd_nsga2\cand_1762048194670_2576\model.yaml,C:\Users\pretha\Desktop\acyolo\ACYOLO\runs\nas_yolo11_ssdd_nsga2\cand_1762048194670_2576,False
9,5,2,1,3,0.33,GhostConv,3,1,0.591332517393637,12.40396499633789,19.97677993774414,10.205801963806152,7230233600.0,5220727.0,,,C:\Users\pretha\Desktop\acyolo\ACYOLO\runs\nas_yolo11_ssdd_nsga2\cand_1762048948031_2576\train\weights\best.pt,C:\Users\pretha\Desktop\acyolo\ACYOLO\runs\nas_yolo11_ssdd_nsga2\cand_1762048948031_2576\model.yaml,C:\Users\pretha\Desktop\acyolo\ACYOLO\runs\nas_yolo11_ssdd_nsga2\cand_1762048948031_2576,False
9,6,2,1,3,0.33,GhostConv,3,1,0.591332517393637,14.936861991882324,19.97677993774414,10.205801963806152,7230233600.0,5220727.0,,,C:\Users\pretha\Desktop\acyolo\ACYOLO\runs\nas_yolo11_ssdd_nsga2\cand_1762049631977_2576\train\weights\best.pt,C:\Users\pretha\Desktop\acyolo\ACYOLO\runs\nas_yolo11_ssdd_nsga2\cand_1762049631977_2576\model.yaml,C:\Users\pretha\Desktop\acyolo\ACYOLO\runs\nas_yolo11_ssdd_nsga2\cand_1762049631977_2576,False
9,7,2,1,3,0.33,GhostConv,3,1,0.591332517393637,13.516712188720703,19.97677993774414,10.205801963806152,7230233600.0,5220727.0,,,C:\Users\pretha\Desktop\acyolo\ACYOLO\runs\nas_yolo11_ssdd_nsga2\cand_1762050405340_2576\train\weights\best.pt,C:\Users\pretha\Desktop\acyolo\ACYOLO\runs\nas_yolo11_ssdd_nsga2\cand_1762050405340_2576\model.yaml,C:\Users\pretha\Desktop\acyolo\ACYOLO\runs\nas_yolo11_ssdd_nsga2\cand_1762050405340_2576,False
9,8,2,1,3,0.33,GhostConv,3,1,0.591332517393637,12.179336547851562,19.97677993774414,10.205801963806152,7230233600.0,5220727.0,,,C:\Users\pretha\Desktop\acyolo\ACYOLO\runs\nas_yolo11_ssdd_nsga2\cand_1762051151292_2576\train\weights\best.pt,C:\Users\pretha\Desktop\acyolo\ACYOLO\runs\nas_yolo11_ssdd_nsga2\cand_1762051151292_2576\model.yaml,C:\Users\pretha\Desktop\acyolo\ACYOLO\runs\nas_yolo11_ssdd_nsga2\cand_1762051151292_2576,False
9,9,2,1,3,0.33,GhostConv,3,1,0.591332517393637,12.090644836425781,19.97677993774414,10.205801963806152,7230233600.0,5220727.0,,,C:\Users\pretha\Desktop\acyolo\ACYOLO\runs\nas_yolo11_ssdd_nsga2\cand_1762051858458_2576\train\weights\best.pt,C:\Users\pretha\Desktop\acyolo\ACYOLO\runs\nas_yolo11_ssdd_nsga2\cand_1762051858458_2576\model.yaml,C:\Users\pretha\Desktop\acyolo\ACYOLO\runs\nas_yolo11_ssdd_nsga2\cand_1762051858458_2576,False
9,10,2,1,3,0.33,GhostConv,3,1,0.591332517393637,12.583799362182617,19.97677993774414,10.205801963806152,7230233600.0,5220727.0,,,C:\Users\pretha\Desktop\acyolo\ACYOLO\runs\nas_yolo11_ssdd_nsga2\cand_1762052579186_2576\train\weights\best.pt,C:\Users\pretha\Desktop\acyolo\ACYOLO\runs\nas_yolo11_ssdd_nsga2\cand_1762052579186_2576\model.yaml,C:\Users\pretha\Desktop\acyolo\ACYOLO\runs\nas_yolo11_ssdd_nsga2\cand_1762052579186_2576,False
9,11,2,1,3,0.33,GhostConv,3,1,0.591332517393637,13.509140014648438,19.97677993774414,10.205801963806152,7230233600.0,5220727.0,,,C:\Users\pretha\Desktop\acyolo\ACYOLO\runs\nas_yolo11_ssdd_nsga2\cand_1762053310702_2576\train\weights\best.pt,C:\Users\pretha\Desktop\acyolo\ACYOLO\runs\nas_yolo11_ssdd_nsga2\cand_1762053310702_2576\model.yaml,C:\Users\pretha\Desktop\acyolo\ACYOLO\runs\nas_yolo11_ssdd_nsga2\cand_1762053310702_2576,False
10,0,2,1,3,0.33,GhostConv,3,1,0.591332517393637,13.287348747253418,19.97677993774414,10.205801963806152,7230233600.0,5220727.0,,,C:\Users\pretha\Desktop\acyolo\ACYOLO\runs\nas_yolo11_ssdd_nsga2\cand_1762054068761_2576\train\weights\best.pt,C:\Users\pretha\Desktop\acyolo\ACYOLO\runs\nas_yolo11_ssdd_nsga2\cand_1762054068761_2576\model.yaml,C:\Users\pretha\Desktop\acyolo\ACYOLO\runs\nas_yolo11_ssdd_nsga2\cand_1762054068761_2576,False
10,1,2,1,3,0.33,GhostConv,3,1,0.591332517393637,13.145251274108887,19.97677993774414,10.205801963806152,7230233600.0,5220727.0,,,C:\Users\pretha\Desktop\acyolo\ACYOLO\runs\nas_yolo11_ssdd_nsga2\cand_1762054808065_2576\train\weights\best.pt,C:\Users\pretha\Desktop\acyolo\ACYOLO\runs\nas_yolo11_ssdd_nsga2\cand_1762054808065_2576\model.yaml,C:\Users\pretha\Desktop\acyolo\ACYOLO\runs\nas_yolo11_ssdd_nsga2\cand_1762054808065_2576,False
10,2,2,1,3,0.33,GhostConv,3,1,0.591332517393637,16.2495756149292,19.97677993774414,10.205801963806152,7230233600.0,5220727.0,,,C:\Users\pretha\Desktop\acyolo\ACYOLO\runs\nas_yolo11_ssdd_nsga2\cand_1762055542746_2576\train\weights\best.pt,C:\Users\pretha\Desktop\acyolo\ACYOLO\runs\nas_yolo11_ssdd_nsga2\cand_1762055542746_2576\model.yaml,C:\Users\pretha\Desktop\acyolo\ACYOLO\runs\nas_yolo11_ssdd_nsga2\cand_1762055542746_2576,False
10,3,2,1,3,0.33,GhostConv,3,1,0.591332517393637,17.177963256835938,19.97677993774414,10.205801963806152,7230233600.0,5220727.0,,,C:\Users\pretha\Desktop\acyolo\ACYOLO\runs\nas_yolo11_ssdd_nsga2\cand_1762056273563_2576\train\weights\best.pt,C:\Users\pretha\Desktop\acyolo\ACYOLO\runs\nas_yolo11_ssdd_nsga2\cand_1762056273563_2576\model.yaml,C:\Users\pretha\Desktop\acyolo\ACYOLO\runs\nas_yolo11_ssdd_nsga2\cand_1762056273563_2576,False
10,4,2,1,3,0.33,GhostConv,3,1,0.591332517393637,12.266073226928711,19.97677993774414,10.205801963806152,7230233600.0,5220727.0,,,C:\Users\pretha\Desktop\acyolo\ACYOLO\runs\nas_yolo11_ssdd_nsga2\cand_1762056998602_2576\train\weights\best.pt,C:\Users\pretha\Desktop\acyolo\ACYOLO\runs\nas_yolo11_ssdd_nsga2\cand_1762056998602_2576\model.yaml,C:\Users\pretha\Desktop\acyolo\ACYOLO\runs\nas_yolo11_ssdd_nsga2\cand_1762056998602_2576,False
10,5,2,1,3,0.33,GhostConv,3,1,0.591332517393637,13.465604782104492,19.97677993774414,10.205801963806152,7230233600.0,5220727.0,,,C:\Users\pretha\Desktop\acyolo\ACYOLO\runs\nas_yolo11_ssdd_nsga2\cand_1762057762087_2576\train\weights\best.pt,C:\Users\pretha\Desktop\acyolo\ACYOLO\runs\nas_yolo11_ssdd_nsga2\cand_1762057762087_2576\model.yaml,C:\Users\pretha\Desktop\acyolo\ACYOLO\runs\nas_yolo11_ssdd_nsga2\cand_1762057762087_2576,False
10,6,2,1,3,0.33,GhostConv,3,1,0.591332517393637,12.531566619873047,19.97677993774414,10.205801963806152,7230233600.0,5220727.0,,,C:\Users\pretha\Desktop\acyolo\ACYOLO\runs\nas_yolo11_ssdd_nsga2\cand_1762058597651_2576\train\weights\best.pt,C:\Users\pretha\Desktop\acyolo\ACYOLO\runs\nas_yolo11_ssdd_nsga2\cand_1762058597651_2576\model.yaml,C:\Users\pretha\Desktop\acyolo\ACYOLO\runs\nas_yolo11_ssdd_nsga2\cand_1762058597651_2576,False
10,7,2,1,3,0.33,GhostConv,3,1,0.591332517393637,6.043157577514648,19.97677993774414,10.205801963806152,7230233600.0,5220727.0,,,C:\Users\pretha\Desktop\acyolo\ACYOLO\runs\nas_yolo11_ssdd_nsga2\cand_1762059356951_2576\train\weights\best.pt,C:\Users\pretha\Desktop\acyolo\ACYOLO\runs\nas_yolo11_ssdd_nsga2\cand_1762059356951_2576\model.yaml,C:\Users\pretha\Desktop\acyolo\ACYOLO\runs\nas_yolo11_ssdd_nsga2\cand_1762059356951_2576,False
10,8,2,1,3,0.33,GhostConv,3,1,0.591332517393637,6.319842338562012,19.97677993774414,10.205801963806152,7230233600.0,5220727.0,,,C:\Users\pretha\Desktop\acyolo\ACYOLO\runs\nas_yolo11_ssdd_nsga2\cand_1762060077234_2576\train\weights\best.pt,C:\Users\pretha\Desktop\acyolo\ACYOLO\runs\nas_yolo11_ssdd_nsga2\cand_1762060077234_2576\model.yaml,C:\Users\pretha\Desktop\acyolo\ACYOLO\runs\nas_yolo11_ssdd_nsga2\cand_1762060077234_2576,False
10,9,2,1,3,0.33,GhostConv,3,1,0.591332517393637,6.647763252258301,19.97677993774414,10.205801963806152,7230233600.0,5220727.0,,,C:\Users\pretha\Desktop\acyolo\ACYOLO\runs\nas_yolo11_ssdd_nsga2\cand_1762060433223_2576\train\weights\best.pt,C:\Users\pretha\Desktop\acyolo\ACYOLO\runs\nas_yolo11_ssdd_nsga2\cand_1762060433223_2576\model.yaml,C:\Users\pretha\Desktop\acyolo\ACYOLO\runs\nas_yolo11_ssdd_nsga2\cand_1762060433223_2576,False
10,10,2,1,3,0.33,GhostConv,3,1,0.591332517393637,6.920428276062012,19.97677993774414,10.205801963806152,7230233600.0,5220727.0,,,C:\Users\pretha\Desktop\acyolo\ACYOLO\runs\nas_yolo11_ssdd_nsga2\cand_1762060798813_2576\train\weights\best.pt,C:\Users\pretha\Desktop\acyolo\ACYOLO\runs\nas_yolo11_ssdd_nsga2\cand_1762060798813_2576\model.yaml,C:\Users\pretha\Desktop\acyolo\ACYOLO\runs\nas_yolo11_ssdd_nsga2\cand_1762060798813_2576,False
10,11,2,1,3,0.33,GhostConv,3,1,0.591332517393637,6.409368515014648,19.97677993774414,10.205801963806152,7230233600.0,5220727.0,,,C:\Users\pretha\Desktop\acyolo\ACYOLO\runs\nas_yolo11_ssdd_nsga2\cand_1762061169716_2576\train\weights\best.pt,C:\Users\pretha\Desktop\acyolo\ACYOLO\runs\nas_yolo11_ssdd_nsga2\cand_1762061169716_2576\model.yaml,C:\Users\pretha\Desktop\acyolo\ACYOLO\runs\nas_yolo11_ssdd_nsga2\cand_1762061169716_2576,False
